nombre,pais,estado,ciudad,imagen,genero,id,duracion,nivel,precio
Luz,Mexico,Hidalgo,pachuca,https://cloudflare-ipfs.com/ipfs/Qmd3W5DuhgHirLHGVixi6V76LhCkZUz6pnFt5AJBiyvHye/avatar/25.jpg,Demi-man,1,4 meses,Avanzado,150.0
Jamaal,Bosnia and Herzegovina,New Hampshire,Kansas City,https://cloudflare-ipfs.com/ipfs/Qmd3W5DuhgHirLHGVixi6V76LhCkZUz6pnFt5AJBiyvHye/avatar/175.jpg,Neither,2,,,
Zackery,Central African Republic,Pennsylvania,Sunrise Manor,https://cloudflare-ipfs.com/ipfs/Qmd3W5DuhgHirLHGVixi6V76LhCkZUz6pnFt5AJBiyvHye/avatar/937.jpg,Cisgender man,3,,,
Kristofer,Gambia,Indiana,Odessa,https://cloudflare-ipfs.com/ipfs/Qmd3W5DuhgHirLHGVixi6V76LhCkZUz6pnFt5AJBiyvHye/avatar/568.jpg,T* man,4,,,
Selena,Kiribati,North Carolina,Petaluma,https://cloudflare-ipfs.com/ipfs/Qmd3W5DuhgHirLHGVixi6V76LhCkZUz6pnFt5AJBiyvHye/avatar/371.jpg,Omnigender,5,,,
Aniyah,Belarus,Kansas,Kirkland,https://cloudflare-ipfs.com/ipfs/Qmd3W5DuhgHirLHGVixi6V76LhCkZUz6pnFt5AJBiyvHye/avatar/111.jpg,Transmasculine,6,,,
Shirley,Armenia,Vermont,Jurupa Valley,https://cloudflare-ipfs.com/ipfs/Qmd3W5DuhgHirLHGVixi6V76LhCkZUz6pnFt5AJBiyvHye/avatar/573.jpg,Female to male transsexual man,7,,,
Earl,Russian Federation,Texas,Sioux Falls,https://cloudflare-ipfs.com/ipfs/Qmd3W5DuhgHirLHGVixi6V76LhCkZUz6pnFt5AJBiyvHye/avatar/140.jpg,Transexual male,8,,,
Walker,Martinique,Kansas,Carolina,https://cloudflare-ipfs.com/ipfs/Qmd3W5DuhgHirLHGVixi6V76LhCkZUz6pnFt5AJBiyvHye/avatar/1114.jpg,Male to female trans woman,9,,,
Travis,Cuba,Arkansas,Stillwater,https://cloudflare-ipfs.com/ipfs/Qmd3W5DuhgHirLHGVixi6V76LhCkZUz6pnFt5AJBiyvHye/avatar/1050.jpg,Trigender,10,,,
Tiara,Iran,Colorado,Rockville,https://cloudflare-ipfs.com/ipfs/Qmd3W5DuhgHirLHGVixi6V76LhCkZUz6pnFt5AJBiyvHye/avatar/287.jpg,Male to female,11,,,
Queen,Trinidad and Tobago,Virginia,Provo,https://cloudflare-ipfs.com/ipfs/Qmd3W5DuhgHirLHGVixi6V76LhCkZUz6pnFt5AJBiyvHye/avatar/417.jpg,Intersex man,12,,,
Dario,Romania,Arizona,South Valley,https://cloudflare-ipfs.com/ipfs/Qmd3W5DuhgHirLHGVixi6V76LhCkZUz6pnFt5AJBiyvHye/avatar/1194.jpg,Cisgender male,13,,,
Kenyon,Cayman Islands,Connecticut,Noblesville,https://cloudflare-ipfs.com/ipfs/Qmd3W5DuhgHirLHGVixi6V76LhCkZUz6pnFt5AJBiyvHye/avatar/480.jpg,Demiflux,14,,,
Natalia,Anguilla,Kansas,Woodbury,https://cloudflare-ipfs.com/ipfs/Qmd3W5DuhgHirLHGVixi6V76LhCkZUz6pnFt5AJBiyvHye/avatar/1226.jpg,Gender neutral,15,,,
Margret,Yemen,Texas,Lawton,https://cloudflare-ipfs.com/ipfs/Qmd3W5DuhgHirLHGVixi6V76LhCkZUz6pnFt5AJBiyvHye/avatar/745.jpg,Transexual female,16,,,
Lavonne,Andorra,Hawaii,The Woodlands,https://cloudflare-ipfs.com/ipfs/Qmd3W5DuhgHirLHGVixi6V76LhCkZUz6pnFt5AJBiyvHye/avatar/514.jpg,Androgyne,17,,,
Mckenzie,Japan,West Virginia,Green Bay,https://cloudflare-ipfs.com/ipfs/Qmd3W5DuhgHirLHGVixi6V76LhCkZUz6pnFt5AJBiyvHye/avatar/687.jpg,Hermaphrodite,18,,,
Eduardo,Republic of Korea,Tennessee,Levittown,https://cloudflare-ipfs.com/ipfs/Qmd3W5DuhgHirLHGVixi6V76LhCkZUz6pnFt5AJBiyvHye/avatar/905.jpg,Male to female transsexual woman,19,,,
Toney,Azerbaijan,Pennsylvania,Wylie,https://cloudflare-ipfs.com/ipfs/Qmd3W5DuhgHirLHGVixi6V76LhCkZUz6pnFt5AJBiyvHye/avatar/305.jpg,Man,20,,,
Francis,Saint Kitts and Nevis,Connecticut,Irondequoit,https://cloudflare-ipfs.com/ipfs/Qmd3W5DuhgHirLHGVixi6V76LhCkZUz6pnFt5AJBiyvHye/avatar/1079.jpg,Male to female transsexual woman,21,,,
Rosanna,Iceland,Alabama,Chino,https://cloudflare-ipfs.com/ipfs/Qmd3W5DuhgHirLHGVixi6V76LhCkZUz6pnFt5AJBiyvHye/avatar/797.jpg,T* man,22,,,
Mauricio,French Guiana,Massachusetts,Joliet,https://cloudflare-ipfs.com/ipfs/Qmd3W5DuhgHirLHGVixi6V76LhCkZUz6pnFt5AJBiyvHye/avatar/1237.jpg,Trans,23,,,
Broderick,United Kingdom,New Hampshire,Lee's Summit,https://cloudflare-ipfs.com/ipfs/Qmd3W5DuhgHirLHGVixi6V76LhCkZUz6pnFt5AJBiyvHye/avatar/8.jpg,Trans man,24,,,
Marlin,Canada,Washington,Waipahu,https://cloudflare-ipfs.com/ipfs/Qmd3W5DuhgHirLHGVixi6V76LhCkZUz6pnFt5AJBiyvHye/avatar/774.jpg,Demigender,25,,,
Griffin,Iran,Florida,Palm Desert,https://cloudflare-ipfs.com/ipfs/Qmd3W5DuhgHirLHGVixi6V76LhCkZUz6pnFt5AJBiyvHye/avatar/793.jpg,Androgynous,26,,,
Hector,Honduras,Delaware,The Villages,https://cloudflare-ipfs.com/ipfs/Qmd3W5DuhgHirLHGVixi6V76LhCkZUz6pnFt5AJBiyvHye/avatar/868.jpg,Male to female,27,,,
Keon,Cyprus,Vermont,Dubuque,https://cloudflare-ipfs.com/ipfs/Qmd3W5DuhgHirLHGVixi6V76LhCkZUz6pnFt5AJBiyvHye/avatar/444.jpg,Cis man,28,,,
Lexus,Netherlands,Vermont,The Hammocks,https://cloudflare-ipfs.com/ipfs/Qmd3W5DuhgHirLHGVixi6V76LhCkZUz6pnFt5AJBiyvHye/avatar/193.jpg,Transgender female,29,,,
Eugenia,Mauritania,Mississippi,Camarillo,https://cloudflare-ipfs.com/ipfs/Qmd3W5DuhgHirLHGVixi6V76LhCkZUz6pnFt5AJBiyvHye/avatar/1119.jpg,Androgynous,30,,,
Aurelie,Ethiopia,Indiana,Lee's Summit,https://cloudflare-ipfs.com/ipfs/Qmd3W5DuhgHirLHGVixi6V76LhCkZUz6pnFt5AJBiyvHye/avatar/134.jpg,MTF,31,,,
Hermina,Tanzania,Minnesota,Annandale,https://cloudflare-ipfs.com/ipfs/Qmd3W5DuhgHirLHGVixi6V76LhCkZUz6pnFt5AJBiyvHye/avatar/974.jpg,Androgynous,32,,,
Jacey,Pakistan,Utah,Murrieta,https://cloudflare-ipfs.com/ipfs/Qmd3W5DuhgHirLHGVixi6V76LhCkZUz6pnFt5AJBiyvHye/avatar/351.jpg,Demi-girl,33,,,
Kyle,Pitcairn Islands,Alaska,Savannah,https://cloudflare-ipfs.com/ipfs/Qmd3W5DuhgHirLHGVixi6V76LhCkZUz6pnFt5AJBiyvHye/avatar/693.jpg,T* man,34,,,
Rasheed,Greece,Alabama,Missoula,https://cloudflare-ipfs.com/ipfs/Qmd3W5DuhgHirLHGVixi6V76LhCkZUz6pnFt5AJBiyvHye/avatar/323.jpg,Cisgender male,35,,,
Eldridge,Moldova,Alabama,Corvallis,https://cloudflare-ipfs.com/ipfs/Qmd3W5DuhgHirLHGVixi6V76LhCkZUz6pnFt5AJBiyvHye/avatar/992.jpg,Cis male,36,,,
Rozella,Thailand,Kansas,Portland,https://cloudflare-ipfs.com/ipfs/Qmd3W5DuhgHirLHGVixi6V76LhCkZUz6pnFt5AJBiyvHye/avatar/573.jpg,Hermaphrodite,37,,,
Gideon,Guatemala,New Hampshire,Mountain View,https://cloudflare-ipfs.com/ipfs/Qmd3W5DuhgHirLHGVixi6V76LhCkZUz6pnFt5AJBiyvHye/avatar/469.jpg,Gender fluid,38,,,
Constance,Luxembourg,Ohio,Weymouth Town,https://cloudflare-ipfs.com/ipfs/Qmd3W5DuhgHirLHGVixi6V76LhCkZUz6pnFt5AJBiyvHye/avatar/701.jpg,Man,39,,,
Ron,Burkina Faso,South Dakota,Dearborn Heights,https://cloudflare-ipfs.com/ipfs/Qmd3W5DuhgHirLHGVixi6V76LhCkZUz6pnFt5AJBiyvHye/avatar/287.jpg,Cisgender man,40,,,
Dora,Falkland Islands (Malvinas),Florida,Alpharetta,https://cloudflare-ipfs.com/ipfs/Qmd3W5DuhgHirLHGVixi6V76LhCkZUz6pnFt5AJBiyvHye/avatar/233.jpg,F2M,41,,,
Gerda,Bolivia,Massachusetts,Grand Island,https://cloudflare-ipfs.com/ipfs/Qmd3W5DuhgHirLHGVixi6V76LhCkZUz6pnFt5AJBiyvHye/avatar/950.jpg,Male to female,42,,,
Jessy,Uganda,Massachusetts,Urbana,https://cloudflare-ipfs.com/ipfs/Qmd3W5DuhgHirLHGVixi6V76LhCkZUz6pnFt5AJBiyvHye/avatar/489.jpg,Hermaphrodite,43,,,
Marley,Yemen,Arkansas,Des Moines,https://cloudflare-ipfs.com/ipfs/Qmd3W5DuhgHirLHGVixi6V76LhCkZUz6pnFt5AJBiyvHye/avatar/242.jpg,Trigender,44,,,
Veda,Ghana,Utah,Weston,https://cloudflare-ipfs.com/ipfs/Qmd3W5DuhgHirLHGVixi6V76LhCkZUz6pnFt5AJBiyvHye/avatar/15.jpg,Transgender female,45,,,
Berenice,Russian Federation,South Carolina,Portland,https://cloudflare-ipfs.com/ipfs/Qmd3W5DuhgHirLHGVixi6V76LhCkZUz6pnFt5AJBiyvHye/avatar/424.jpg,Female to male,46,,,
Irma,Antarctica (the territory South of 60 deg S),North Carolina,Pueblo,https://cloudflare-ipfs.com/ipfs/Qmd3W5DuhgHirLHGVixi6V76LhCkZUz6pnFt5AJBiyvHye/avatar/533.jpg,Intersex person,47,,,
Graham,Dominican Republic,Iowa,Bowling Green,https://cloudflare-ipfs.com/ipfs/Qmd3W5DuhgHirLHGVixi6V76LhCkZUz6pnFt5AJBiyvHye/avatar/1145.jpg,Cis woman,48,,,
Lori,Western Sahara,Colorado,Broken Arrow,https://cloudflare-ipfs.com/ipfs/Qmd3W5DuhgHirLHGVixi6V76LhCkZUz6pnFt5AJBiyvHye/avatar/119.jpg,M2F,49,,,
Rowena,El Salvador,Alabama,Enid,https://cloudflare-ipfs.com/ipfs/Qmd3W5DuhgHirLHGVixi6V76LhCkZUz6pnFt5AJBiyvHye/avatar/526.jpg,Female to male transsexual man,50,,,
Luz,Mexico,Hidalgo,pachuca,https://cloudflare-ipfs.com/ipfs/Qmd3W5DuhgHirLHGVixi6V76LhCkZUz6pnFt5AJBiyvHye/avatar/836.jpg,Cis female,51,,,
